{"cameraMode":{"drawMode":0,"name":"Shaded","section":"Shading Mode"},"sceneLighting":true,"audioPlay":false,"sceneViewState":{"m_AlwaysRefresh":false,"showFog":true,"showSkybox":true,"showFlares":true,"showImageEffects":true,"showParticleSystems":true,"showVisualEffectGraphs":true,"m_FxEnabled":true},"in2DMode":false,"pivot":{"x":2.145561456680298,"y":7.4728288650512699,"z":10.235514640808106},"rotation":{"x":-0.22047002613544465,"y":-0.01728179305791855,"z":0.003912426996976137,"w":-0.9753326773643494},"size":2.599773645401001,"orthographic":false}